{
  "temples": [
    {
      "id": 12,
      "firstName": "prathamesh",
      "lastName": "shirsath",
      "age": 22,
      "queue": "queue4",
      "gender": "male",
      "date": "2023-10-26"
    },
    {
      "id": 13,
      "firstName": "aarti",
      "lastName": "sangale",
      "age": 22,
      "queue": "queue1",
      "gender": "female",
      "date": "2023-10-28"
    },
    {
      "id": 14,
      "firstName": "fvbdxfv",
      "lastName": "fvfv",
      "age": 23,
      "queue": "queue2",
      "gender": "male",
      "date": "2023-10-25"
    },
    {
      "id": 15,
      "firstName": "Rina",
      "lastName": "Gholap",
      "age": 22,
      "queue": "queue3",
      "gender": "female",
      "date": "2023-10-15"
    }
  ]
}