{
  "Login": [
    {
      "Patientemail": "Patient@gmail.com",
      "Patientpassword": "Patient@123",
      "Doctoremail": "Doctor@gmail.com",
      "Doctorpassword": "Doctor@123"
    }
  ],
  "appointment": [
    {
      "name": "Prathamesh Madhukar Shirsath",
      "age": 25,
      "phone": "7756901967",
      "date": "2023-09-30",
      "time": "16:51",
      "notes": "The patient presents with a sore throat and fever",
      "id": 1
    },
    {
      "name": "Abhishekh",
      "age": 22,
      "phone": "9444444222",
      "date": "2023-09-30",
      "time": "13:54",
      "notes": "The patient presents with lower back pain.",
      "id": 2
    },
    {
      "name": "Prem Sonawane",
      "age": 20,
      "phone": "8484848899",
      "date": "2023-09-30",
      "time": "05:03",
      "notes": "The patient presents with a persistent cough.",
      "id": 3
    },
    {
      "name": "Akshay Wagh",
      "age": 22,
      "phone": "5456565464",
      "date": "2023-09-28",
      "time": "18:54",
      "notes": "The patient presents with a persistent cough.",
      "id": 4
    },
    {
      "name": "Sanket Shinde",
      "age": 22,
      "phone": "8648888888",
      "date": "2023-09-30",
      "time": "15:47",
      "notes": "The patient presents with acute chest pain.",
      "id": 5
    },
    {
      "name": "Ketan Inamdar",
      "age": 22,
      "phone": "4444446998",
      "date": "2023-09-26",
      "time": "10:15",
      "notes": "Head pain with cold",
      "id": 6
    },
    {
      "name": "Swati Zhagade",
      "age": 22,
      "phone": "7896541230",
      "date": "2023-09-29",
      "time": "12:57",
      "notes": "Fever",
      "id": 7
    },
    {
      "name": "Yogesh Salunke",
      "age": 21,
      "phone": "9970861526",
      "date": "2023-09-26",
      "time": "14:19",
      "notes": "Brain Pain",
      "id": 8
    },
    {
      "name": "Lalit Sonavane",
      "age": 22,
      "phone": "6661531154",
      "date": "2023-09-29",
      "time": "16:30",
      "notes": "body pain",
      "id": 9
    }
  ]
}